date,Brl,Eur,Cny,Krw
2019-07-01,3.8248153812944454,0.8796013897694456,6.860267704247213,1157.9127958501786
2019-07-02,3.8315740893873254,0.88255812226338,6.855166656315487,1163.4599908657462
2019-07-03,3.8479507503055594,0.8851038070722215,6.87769171345277,1167.7085061443067
2019-07-04,3.846333674233329,0.8856568295999989,6.87713385469444,1169.46098973029
2019-07-05,3.81471800202222,0.8867532261111106,6.873374466405552,1169.7067476187324
2019-07-06,3.809502664299999,0.8880994670999987,6.876110124299999,1170.8969804617998
2019-07-07,3.809502664299999,0.8880994670999987,6.876110124299999,1170.8969804617998
2019-07-08,3.810488414216663,0.8894852665499996,6.8781013795333426,1173.9862584567904
2019-07-09,3.8098995774624984,0.8919613660499994,6.882931040587508,1180.2326858332497
2019-07-10,3.802104602466667,0.8919947300833341,6.88468088372777,1181.9930736347114
2019-07-11,3.7734329057375047,0.8893405108250002,6.876417450924994,1178.1708249517862
2019-07-12,3.7443875261944393,0.8871119875388881,6.871522405027779,1175.4821458989666
2019-07-13,3.756420510099993,0.8886519149999986,6.881009508600005,1178.9656091708996
2019-07-14,3.756420510099993,0.8886519149999986,6.881009508600005,1178.9656091708996
2019-07-15,3.7484452431499995,0.8881612424166676,6.879004632572217,1179.1118109031486
2019-07-16,3.7453303493125003,0.8887541238749989,6.876498636250002,1179.1327123096514
2019-07-17,3.761122076138894,0.8912480478680553,6.877542518236108,1179.6122219446154
2019-07-18,3.760569003455555,0.8916342433555567,6.878455337041668,1180.0418223614079
2019-07-19,3.7484436920944413,0.8912745916277773,6.879485216977781,1176.885926587602
2019-07-20,3.7314270443999953,0.8907892392999989,6.878407268800003,1175.0579013006009
2019-07-21,3.7314270443999953,0.8907892392999989,6.878407268800003,1175.0579013006009
2019-07-22,3.735942616087499,0.8911168813374997,6.879298791774999,1175.8980362843233
2019-07-23,3.7451565017194457,0.8928733295083329,6.880041076255547,1177.823348647084
2019-07-24,3.7544214033388865,0.8959721817694454,6.877396387775003,1178.2142104697798
2019-07-25,3.7627340170875048,0.8984232089499989,6.874264725462495,1178.4878793880628
2019-07-26,3.7641713038652793,0.8990400226305548,6.874770149448606,1181.4394837121172
2019-07-27,3.7756329682,0.8978272579999997,6.878164841099991,1183.1477823666992
2019-07-28,3.7756329682,0.8978272579999997,6.878164841099991,1183.1477823666992
2019-07-29,3.7791591541347227,0.8983173481972213,6.883039827406936,1183.5149411600696
2019-07-30,3.7866877279555546,0.8982639718944445,6.888953483961104,1183.0018847367905
2019-07-31,3.785064759990281,0.8966365079791666,6.88202133285833,1181.455643397021
2019-08-01,3.798135990372222,0.9001254401416675,6.889314146669446,1185.0951383121562
2019-08-02,3.8409023301416636,0.9040105717000004,6.915127009005562,1194.0055632984834
2019-08-03,3.867999279699999,0.9004141905000007,6.938411669400008,1200.6482982172008
2019-08-04,3.867999279699999,0.9004141905000007,6.938411669400008,1200.6482982172008
2019-08-05,3.8858588772277765,0.8982042667666676,6.974570598591672,1206.2271041388135
2019-08-06,3.926314540447225,0.8941500646861107,7.031468650524993,1215.08757980348
2019-08-07,3.9503142173000025,0.8934957102999986,7.028791540699989,1214.0748388560014
2019-08-08,3.9634174495000014,0.8929369975333324,7.0478610880999915,1213.392858638265
2019-08-09,3.94712041196667,0.8932825550999988,7.050528855199989,1209.6740293371686
2019-08-10,3.9287372745000035,0.8930166100999989,7.05831398459999,1211.1537774603005
2019-08-11,3.9287372745000035,0.8930166100999989,7.05831398459999,1211.1537774603005
2019-08-12,3.949037284900001,0.8931229786000002,7.058410264033336,1213.7696018635327
2019-08-13,3.9896788214166654,0.8925308130166676,7.061542654816673,1220.6863918231857
2019-08-14,3.9919192674374964,0.8921222722250004,7.0487537264875035,1220.1351501026015
2019-08-15,4.005428477527776,0.8948725046902789,7.0251139468763855,1214.0057973709895
2019-08-16,4.0072691712125,0.8991079973749998,7.038250440875,1211.6793734118864
2019-08-17,3.979324665900001,0.9028530155000001,7.040267244500001,1208.5590465871992
2019-08-18,3.979324665900001,0.9028530155000001,7.040267244500001,1208.5590465871992
2019-08-19,3.984721050101388,0.9020906767847223,7.043860892381949,1208.9583663951157
2019-08-20,4.018075087436111,0.9014503122638887,7.053465367761111,1209.0264502241794
2019-08-21,4.045578520200004,0.9020941332999993,7.060316890999998,1206.206107336668
2019-08-22,4.024565342337501,0.9012162713375012,7.071836215400004,1205.5951344929604
2019-08-23,4.053654211311109,0.9028128104611114,7.086415655083328,1210.7282216144326
2019-08-24,4.087121554499997,0.9037505647999995,7.08892905559999,1212.1012200632988
2019-08-25,4.087121554499997,0.9037505647999995,7.08892905559999,1212.1012200632988
2019-08-26,4.095845811816664,0.9022532570833329,7.109345172605552,1212.5717052775242
2019-08-27,4.12729218303889,0.8999552445083326,7.151181384586113,1213.100385416124
2019-08-28,4.150350310625001,0.9012162713375012,7.160900300150014,1213.0998024086741
2019-08-29,4.143282311894445,0.9026064809611126,7.153812564997231,1212.6491736294658
2019-08-30,4.150553034738887,0.9043249418555549,7.145395861938884,1209.4082669728768
2019-08-31,4.157212758199995,0.9061254077999992,7.150054367499994,1208.0554548749988
2019-09-01,4.152731105599999,0.9089343304499993,7.160776636699994,1210.1044962194005
2019-09-02,4.1482494530000045,0.9117432530999993,7.171498905899994,1212.153537563802
2019-09-03,4.177013806300007,0.9143275121000014,7.17865959589998,1214.9583980981995
2019-09-04,4.138954438200004,0.907605736099999,7.152659284800016,1205.264113269197
2019-09-05,4.072707542099992,0.9043226623000004,7.143787303299982,1197.2327726532978
2019-09-06,4.094041897199991,0.9068649678000008,7.113630180499995,1192.2735104743012
2019-09-07,4.095122134366664,0.9065090123333334,7.11092857443333,1192.1527509442353
2019-09-08,4.096202371533337,0.9061530568666658,7.108226968366665,1192.0319914141692
2019-09-09,4.097282608700011,0.9057971013999984,7.1055253623,1191.9112318841032
2019-09-10,4.080859790200003,0.9073200720999997,7.11129217310001,1192.3111553404017
2019-09-11,4.064436971699994,0.9088430428000008,7.117058983900019,1192.7110787967001
2019-09-12,4.059482727845829,0.9099944447791662,7.106850478240268,1189.3192546290265
2019-09-13,4.050898728323613,0.9083627563333319,7.085916788329161,1180.8794640086262
2019-09-14,4.0522710887,0.9012256669,7.0826423937,1177.0007209805
2019-09-15,4.0720969259,0.9038808962,7.074863033500001,1180.5273752668
2019-09-16,4.0919227631,0.9065361254999998,7.067083673300002,1184.0540295531
2019-09-17,4.094627268033333,0.9066731555666665,7.076979538166668,1185.901791514134
2019-09-18,4.091469568386107,0.9061779557347225,7.093893315469445,1190.0239489948121
2019-09-19,4.096114743666664,0.9043184532750005,7.0907590420416575,1192.0505556520882
2019-09-20,4.144970695963892,0.9046817952222224,7.093198692597223,1192.2587924286267
2019-09-21,4.166455122400005,0.9066183137000005,7.090389845900005,1188.7941976427987
2019-09-22,4.166455122400005,0.9066183137000005,7.090389845900005,1188.7941976427987
2019-09-23,4.162659825700001,0.9081142132888892,7.104728791338891,1192.233327299321
2019-09-24,4.157661575588892,0.9097944943416668,7.11915477555833,1196.0970133114245
2019-09-25,4.16914372946945,0.9094706206166671,7.113284589905553,1196.2904983583696
2019-09-26,4.163841110125007,0.9119545642375007,7.126024584674996,1200.7758481864628
2019-09-27,4.1388443690944525,0.91434494558611,7.128627966827783,1200.0925173810288
2019-09-28,4.160219478700008,0.9144947416999987,7.128212162800011,1198.3996342020987
2019-09-29,4.160219478700008,0.9144947416999987,7.128212162800011,1198.3996342020987
2019-09-30,4.159800634119445,0.9158897984944443,7.133680655122229,1198.3640299257447
2019-10-01,4.161074941287499,0.9180735697875002,7.14523824330001,1199.901628127827
2019-10-02,4.165154980555556,0.9166861595694447,7.148375622116656,1204.1888926171112
2019-10-03,4.148736802586113,0.914547043986111,7.14837997647222,1205.4372027227937
2019-10-04,4.100678475133329,0.9122529518888877,7.148914106638894,1200.2481821893057
2019-10-05,4.073777210999997,0.9108297658999991,7.149740413500009,1195.3001184078996
2019-10-06,4.073777210999997,0.9108297658999991,7.149740413500009,1195.3001184078996
2019-10-07,4.071251755687496,0.9103947749000001,7.149225436950008,1195.7117143669752
2019-10-08,4.079943175474999,0.9098790965444437,7.146461943697225,1197.0707161869343
2019-10-09,4.093223384877778,0.9104105894055555,7.136954385788879,1197.8928028296502
2019-10-10,4.084877507638889,0.9092029772250007,7.125764277455547,1195.7529272724732
2019-10-11,4.098207394799999,0.906262551733334,7.115705235033332,1190.332270453432
2019-10-12,4.101331159999997,0.905551027800001,7.101059494699997,1185.0131304898982
2019-10-13,4.101331159999997,0.905551027800001,7.101059494699997,1185.0131304898982
2019-10-14,4.106153931354169,0.9058930756124995,7.0902381199083315,1184.972844955143
2019-10-15,4.120607632229167,0.9072224585208324,7.073826958181953,1185.3052300834117
2019-10-16,4.145935502390281,0.9079977347041663,7.087505307415288,1186.9748265739815
2019-10-17,4.169269257352781,0.9044358150972234,7.091594486783332,1185.1649482400087
2019-10-18,4.160118685575002,0.8989778719027792,7.079939054513884,1179.1158757789447
2019-10-19,4.160355348200003,0.8973438622000014,7.0837221822999945,1179.4059583632
2019-10-20,4.160355348200003,0.8973438622000014,7.0837221822999945,1179.4059583632
2019-10-21,4.147686405066666,0.8965674973666664,7.080099522233336,1176.8073494311989
2019-10-22,4.122940993619446,0.8962634281361114,7.075259426963894,1172.2031985122337
2019-10-23,4.110609242419446,0.8986767806305566,7.077520048827776,1172.7464272033528
2019-10-24,4.069106745455559,0.898897767806944,7.073511247716674,1172.2549038124735
2019-10-25,4.032847315233331,0.8992004252333332,7.071665027966662,1173.6152399752352
2019-10-26,4.0273701268999975,0.9003331233000007,7.069775817099992,1174.817682542502
2019-10-27,4.0273701268999975,0.9003331233000007,7.069775817099992,1174.817682542502
2019-10-28,4.014388826808334,0.9008068261041677,7.069339001495827,1173.3917425360437
2019-10-29,3.9861717231333325,0.9017404631333328,7.067360446166666,1169.2750145689338
2019-10-30,3.9998036033083317,0.9010465228541666,7.06293239834584,1167.9846852017229
2019-10-31,4.008898664402778,0.8992302139333338,7.0519867393416655,1168.0409408446335
2019-11-01,3.9903424706000012,0.8969417907000002,7.041588335133338,1167.7666389261333
2019-11-02,3.9893168147999996,0.8977466559000005,7.041924768800005,1167.1514498608008
2019-11-03,3.9893168147999996,0.8977466559000005,7.041924768800005,1167.1514498608008
2019-11-04,3.993236363733336,0.8972370906666663,7.037479630166661,1165.5419655581682
2019-11-05,4.006511627766666,0.8973709396208326,7.01948939697083,1160.515441472165
2019-11-06,4.009595758266666,0.9006851067333334,6.997478184499998,1156.7738871287006
2019-11-07,4.023520160463885,0.9020954022250012,6.989765332036107,1156.9213409422998
2019-11-08,4.1003405149180505,0.9039930854791672,6.9803359019680515,1155.629909479153
2019-11-09,4.131140112399999,0.906289650200001,6.9888526373,1157.023744788801
2019-11-10,4.131140112399999,0.906289650200001,6.9888526373,1157.023744788801
2019-11-11,4.141316787800002,0.9060981208000002,6.996100713599997,1160.202829829
2019-11-12,4.162493362200001,0.9064276839333328,7.009546042133332,1165.599601392168
2019-11-13,4.170022877525003,0.9081106999527788,7.0123996141041705,1166.0136954486397
2019-11-14,4.179461067509718,0.908853505697222,7.021469004601389,1170.6512354601214
2019-11-15,4.1820545699458345,0.9084495429833334,7.017654569945831,1169.2961466847678
2019-11-16,4.1957585644,0.906289650200001,7.009516041300002,1164.8903389522995
2019-11-17,4.1957585644,0.906289650200001,7.009516041300002,1164.8903389522995
2019-11-18,4.190004764027773,0.9056136815000008,7.012188528577774,1165.0712236656789
2019-11-19,4.182861234799997,0.903642095500001,7.020901700100005,1165.7848224371326
2019-11-20,4.1953157246999995,0.9032613022666669,7.028696310866668,1167.7701409590327
2019-11-21,4.194117194854167,0.9034799501333334,7.031674887041671,1171.8126136410697
2019-11-22,4.188301607944443,0.902454114730554,7.03036007649723,1175.9859286572782
2019-11-23,4.188189545999995,0.9043226622999985,7.03870500990001,1178.3957315969994
2019-11-24,4.188189545999995,0.9043226622999985,7.03870500990001,1178.3957315969994
2019-11-25,4.193261108883335,0.9055207036374985,7.037961409641675,1177.5430884664702
2019-11-26,4.222805017100004,0.9081004938333326,7.037291824966679,1175.9259327649333
2019-11-27,4.253469594266671,0.907743249366666,7.035156980100003,1176.9252330917664
2019-11-28,4.247749535649999,0.9084485971722221,7.0288716385972165,1177.8289894397801
2019-11-29,4.245703109791666,0.9092329377958335,7.032437410212499,1179.60271968865
2019-11-30,4.230468038600004,0.9105809506,7.027135312300003,1179.9399016573004
2019-12-01,4.230468038600004,0.9105809506,7.027135312300003,1179.9399016573004
2019-12-02,4.231065423147221,0.909546063938889,7.031705962511114,1181.5676776820544
2019-12-03,4.224590933383332,0.9061014717444446,7.046534321594445,1187.0086347375955
2019-12-04,4.202571717066666,0.9030343425944434,7.0565359642388845,1191.7516456499595
2019-12-05,4.205376985369442,0.902063756311112,7.048756845958322,1191.6406291634285
2019-12-06,4.206177513366669,0.9013881377000015,7.038128718200002,1189.4387356528994
2019-12-07,4.1826212366999975,0.9013881377000015,7.030196502600005,1187.4076077158984
2019-12-08,4.1826212366999975,0.9013881377000015,7.030196502600005,1187.4076077158984
2019-12-09,4.169468170588887,0.9019250819708327,7.033349679613898,1188.7356972740256
2019-12-10,4.144078967563894,0.9028756657250003,7.039079490980565,1191.62753828065
2019-12-11,4.134465757390278,0.9028235871124993,7.038904194340287,1192.6144369308834
2019-12-12,4.114837256516672,0.9013287977902782,7.038634139361119,1191.6481181803858
2019-12-13,4.103103609666663,0.8969168064000007,7.015355810366661,1182.6690797197664
2019-12-14,4.086629675999998,0.8949346698000009,6.9715410774999915,1171.4426346877005
2019-12-15,4.086629675999998,0.8949346698000009,6.9715410774999915,1171.4426346877005
2019-12-16,4.08480495659028,0.8957152865013887,6.981516104375007,1171.1248946966234
2019-12-17,4.0767922833361085,0.8967362996500001,6.998806967122221,1168.2993598229484
2019-12-18,4.064404202705555,0.8972121807208323,6.996739525870839,1164.9386217108733
2019-12-19,4.0589732646361085,0.8996334057208326,7.001871265783334,1166.4401824297859
2019-12-20,4.065434644711109,0.9000861696444452,7.009236142170822,1163.9164957765724
2019-12-21,4.070920068499997,0.901144453500001,7.00765972789999,1159.3944309273008
2019-12-22,4.070920068499997,0.901144453500001,7.00765972789999,1159.3944309273008
2019-12-23,4.074970038133326,0.9017411480666657,7.008928908133323,1160.7460239289658
2019-12-24,4.083237987333335,0.9027987167333333,7.0101418372999875,1163.0305202196018
2019-12-25,4.083574007200007,0.9025270758000004,7.00749097469999,1162.1931407942016
2019-12-26,4.083574007200007,0.9025270758000004,7.00749097469999,1162.1931407942016
2019-12-27,4.072004596800007,0.9005579650666662,7.003619166199991,1161.6629366853676
2019-12-28,4.0488657760000075,0.8966197435999992,6.995875549199991,1160.6025284677012
2019-12-29,4.0488657760000075,0.8966197435999992,6.995875549199991,1160.6025284677012
2019-12-30,4.043659497000003,0.895658135133334,6.992841273866657,1159.3369494458993
2019-12-31,4.029099170222221,0.8926410197777788,6.979037147427768,1155.9148480687074
2020-01-01,4.019672422999999,0.8901548870000009,6.96145629339999,1153.8899768559988
2020-01-02,4.0160334394,0.8912417671999999,6.962243085966666,1155.8825760712991
2020-01-03,4.026990409318055,0.8946956775305553,6.966505971134718,1162.1776236151295
2020-01-04,4.061272091099998,0.8971023594000012,6.971561855199991,1166.5201399479995
2020-01-05,4.061272091099998,0.8971023594000012,6.971561855199991,1166.5201399479995
2020-01-06,4.061246984491664,0.8958991259638904,6.971828294611108,1167.384059767036
2020-01-07,4.069067417958333,0.8939465366069435,6.962027517476387,1168.0504855635188
2020-01-08,4.075617245736115,0.8964974504083317,6.943022161644443,1166.2652408391655
2020-01-09,4.0605289949,0.899820076466667,6.939980759233341,1164.6722998885666
2020-01-10,4.070009348800001,0.9006039906000001,6.928488445266666,1159.5448687416997
2020-01-11,4.074294473000005,0.9016319537999993,6.922098999199992,1159.4986926337003
2020-01-12,4.074294473000005,0.9016319537999993,6.922098999199992,1159.4986926337003
2020-01-13,4.087438601812498,0.9008046879958326,6.913755501041665,1158.982719613667
2020-01-14,4.126427049279162,0.8990550503208318,6.8912577480458435,1157.4471605821043
2020-01-15,4.148811266211105,0.8989886657597224,6.886520414548607,1156.863413435311
2020-01-16,4.161556533577777,0.8968118590277775,6.885274983119437,1157.5177308452262
2020-01-17,4.16860694024722,0.896905937162499,6.872834657145827,1158.8979920085405
2020-01-18,4.176269355399997,0.9002520705999988,6.858660424899996,1159.8577601728016
2020-01-19,4.176269355399997,0.9002520705999988,6.858660424899996,1159.8577601728016
2020-01-20,4.178090124594444,0.9008228213055557,6.860968952672218,1159.9618648521127
2020-01-21,4.187273048861112,0.9013421757305545,6.878114331186106,1162.6584342300164
2020-01-22,4.196167234366667,0.900415374099999,6.9029946174999885,1166.5774844064674
2020-01-23,4.1850796370333345,0.901794585866666,6.912463929866661,1165.2055301264336
2020-01-24,4.172267764800001,0.9031571430333329,6.933287199066665,1167.9024967225328
2020-01-25,4.176166742199998,0.9062075215000005,6.933303126400005,1168.2102401450002
2020-01-26,4.176166742199998,0.9062075215000005,6.933303126400005,1168.2102401450002
2020-01-27,4.1874038233583315,0.9064472589583337,6.934290772733329,1170.9584439122254
2020-01-28,4.20950995273056,0.9075331548111111,6.9366819509500015,1177.9700733844888
2020-01-29,4.195450505133331,0.908769651005556,6.93665875531112,1178.7171150059078
2020-01-30,4.207766686723613,0.9082710724222228,6.936635578143063,1183.0245881691467
2020-01-31,4.253919510113889,0.9060191332111108,6.9366365887749915,1193.5716326205895
2020-02-01,4.266829533100004,0.9048136083999994,6.936663047399989,1195.801664857
2020-02-02,4.266829533100004,0.9048136083999994,6.936663047399989,1195.801664857
2020-02-03,4.265363091433338,0.9044161387125,6.965526693719433,1194.4982096002964
2020-02-04,4.250861277366666,0.9041596644666677,7.012047053666659,1190.1697526643345
2020-02-05,4.227885283777775,0.9058825077888893,6.987876303391653,1184.8367858302233
2020-02-06,4.2295085651333375,0.9077437134666673,6.971222985200005,1182.4023186043003
2020-02-07,4.252956329594447,0.9098603254083338,6.977597268222222,1187.0716592455676
2020-02-08,4.291913574599999,0.9116601331,6.993436046999992,1194.0742091347984
2020-02-09,4.291913574599999,0.9116601331,6.993436046999992,1194.0742091347984
2020-02-10,4.298282991233332,0.9121596272999997,6.9899624478999876,1192.1807240882333
2020-02-11,4.311039378041661,0.914612927054167,6.979930376088891,1186.8527284424954
2020-02-12,4.317949363111115,0.9169979817805556,6.972882079779172,1182.73532429987
2020-02-13,4.335656439066668,0.9175752919000002,6.974657193266676,1181.2296326207336
2020-02-14,4.337453541501385,0.9208949942375005,6.984753451144441,1183.6205565469927
2020-02-15,4.3282604684999955,0.9223390518000011,6.987363954999991,1184.0527577938003
2020-02-16,4.3282604684999955,0.9223390518000011,6.987363954999991,1184.0527577938003
2020-02-17,4.323610991443054,0.9225294027708346,6.985503940623613,1183.987553074016
2020-02-18,4.324100535383333,0.9234528419569455,6.98802851873473,1186.29684022309
2020-02-19,4.354108311209721,0.9250318077569458,6.999213746740284,1190.8426987453338
2020-02-20,4.375347057754163,0.9262238888861108,7.0045228325638975,1195.4496136254181
2020-02-21,4.3926556845402835,0.9264563303763897,7.026413853251395,1208.5140640784884
2020-02-22,4.402370150900003,0.9258402000000012,7.031293398800006,1212.3414498657994
2020-02-23,4.402370150900003,0.9258402000000012,7.031293398800006,1212.3414498657994
2020-02-24,4.398109650852772,0.9253956422722229,7.032351686769443,1214.5132215756921
2020-02-25,4.388381155113883,0.9237859872708333,7.028516384706936,1217.6211640190318
2020-02-26,4.388871937904166,0.9214783239888893,7.016449603068056,1214.4810738337387
2020-02-27,4.413478705191666,0.9172594577555565,7.014838303994449,1214.426950176661
2020-02-28,4.47268076935834,0.9117308315444446,6.9988837474319405,1209.7941643852919
2020-02-29,4.4850141204000025,0.9109957183000004,6.983875375799993,1207.0511068597993
2020-03-01,4.4850141204000025,0.9109957183000004,6.983875375799993,1207.0511068597993
2020-03-02,4.486613150741663,0.9072017230166668,6.977968384188889,1202.2740191040734
2020-03-03,4.49307497645,0.89923681035,6.968999963937505,1192.7096330569311
2020-03-04,4.502539577858332,0.899334588641667,6.961689057420843,1190.6363705550275
2020-03-05,4.538927049166673,0.897215836066666,6.9266530567333255,1183.3934128330316
2020-03-06,4.618179940638891,0.8901414436888876,6.931891734140276,1188.1644255300118
2020-03-07,4.653140437500002,0.8821453775999987,6.925811573700002,1192.3341566690015
2020-03-08,4.653140437500002,0.8821453775999987,6.925811573700002,1192.3341566690015
2020-03-09,4.685485152000007,0.8790652610333342,6.933315723233344,1194.8865280958998
2020-03-10,4.727063730233336,0.8744505577222237,6.950968845341674,1197.3971183370622
2020-03-11,4.671254030479159,0.8792991226986103,6.955195384670829,1190.7641676411527
2020-03-12,4.736424443649998,0.8844475363416656,6.971601064913893,1195.3772120257433
2020-03-13,4.826255499274997,0.893463275577777,7.007031962205559,1208.9391205033107
2020-03-14,4.686779538899999,0.900576368899999,6.987301873200007,1208.0151296830006
2020-03-15,4.686779538899999,0.900576368899999,6.987301873200007,1208.0151296830006
2020-03-16,4.779116208999995,0.8991503419666661,6.999063487766664,1215.6508501014662
2020-03-17,4.986119337505553,0.9008608052874997,7.0217999642375,1234.8233237155548
2020-03-18,5.062890630695839,0.9117468673333329,7.024577689420841,1248.084348807905
2020-03-19,5.151157566470833,0.918175905425,7.060820418001402,1261.0227558718072
2020-03-20,5.137935662733323,0.9285496106333334,7.1068578811666665,1257.7989657147348
2020-03-21,5.037545530999997,0.933968431899999,7.090594937899994,1247.4455963388016
2020-03-22,5.037545530999997,0.933968431899999,7.090594937899994,1247.4455963388016
2020-03-23,5.046957496169454,0.9319570415055539,7.088529605216657,1250.2734413042895
2020-03-24,5.072854280024993,0.925817676894444,7.076479842388881,1252.1943254288942
2020-03-25,5.080463956395828,0.9226514997416666,7.070751919287492,1239.3017790907318
2020-03-26,5.04637752526666,0.9192992137999997,7.089488267799989,1227.596806147766
2020-03-27,5.0207160921791765,0.9107606619208339,7.08015242646249,1219.8124089870385
2020-03-28,5.092921563300005,0.9109957183000004,7.09611004829999,1226.4826455316017
2020-03-29,5.092921563300005,0.9109957183000004,7.09611004829999,1226.4826455316017
2020-03-30,5.103651017849991,0.9092309427625006,7.097419242412491,1225.8773739575117
2020-03-31,5.151978390362498,0.9087092351000011,7.0996275502125075,1224.5482070404275
2020-04-01,5.218221104637491,0.9133678425749987,7.100048382137509,1226.7225056707632
2020-04-02,5.238685994158336,0.9152845022902777,7.098989911109721,1230.310986867298
2020-04-03,5.24542016863889,0.9206413064972219,7.094064122569433,1231.1849938553466
2020-04-04,5.275197032899998,0.9272137227999993,7.090959666199992,1235.8089939731
2020-04-05,5.275197032899998,0.9272137227999993,7.090959666199992,1235.8089939731
2020-04-06,5.279592502983333,0.9270275525444451,7.09097486699167,1233.2919965227427
2020-04-07,5.25499099922639,0.9234748558569456,7.076809101612497,1222.1038975914119
2020-04-08,5.211669938949996,0.9191391238125011,7.059724225737494,1214.4173922418365
2020-04-09,5.1921379852611045,0.9200102519500007,7.0634340550722206,1217.7555748944224
2020-04-10,5.1491672035,0.9202171713000009,7.058893898999998,1216.9780068096004
2020-04-11,5.1491672035,0.9202171713000009,7.058893898999998,1216.9780068096004
2020-04-12,5.1491672035,0.9202171713000009,7.058893898999998,1216.9780068096004
2020-04-13,5.1491672035,0.9202171713000009,7.058893898999998,1216.9780068096004
2020-04-14,5.154115309891671,0.9169715513944434,7.058135083187489,1216.3743769600005
2020-04-15,5.192508755818056,0.9141808950888888,7.059057285869441,1217.4383239371089
2020-04-16,5.236803935498612,0.917687693479167,7.065752752761101,1222.4887985102573
2020-04-17,5.232633651137498,0.9193303185375,7.072145889725005,1222.3734591988268
2020-04-18,5.230018416199997,0.9208103130999993,7.073756906100005,1216.8784530387006
2020-04-19,5.230018416199997,0.9208103130999993,7.073756906100005,1216.8784530387006
2020-04-20,5.253831594011106,0.9208103130999993,7.07368528750555,1217.5910579087558
2020-04-21,5.300149893180549,0.9214888858777771,7.080996262611099,1223.3961499624963
2020-04-22,5.319672961336121,0.9218800779083336,7.090579893988888,1232.4036690123876
2020-04-23,5.367021745491659,0.9230350682097224,7.081322287598618,1232.4078960168745
2020-04-24,5.488257641766679,0.9274970239486121,7.0793009955722335,1232.4645483393601
2020-04-25,5.567407407400008,0.9259259259000014,7.079166666700007,1233.879629629601
2020-04-26,5.567407407400008,0.9259259259000014,7.079166666700007,1233.879629629601
2020-04-27,5.564199927483324,0.9242005038722217,7.080488406311115,1230.229344043838
2020-04-28,5.5769884383222195,0.9207243016249994,7.080571325619448,1222.4742412099592
2020-04-29,5.55700639807501,0.9204841132375005,7.076825279275006,1218.9216945973872
2020-04-30,5.439952965447226,0.9212978350000013,7.066547630913884,1214.7557876690491
2020-05-01,5.3847922030000035,0.9194556822000008,7.04900698789999,1207.3280617873984
2020-05-02,5.3847922030000035,0.9194556822000008,7.04900698789999,1207.3280617873984
2020-05-03,5.3847922030000035,0.9194556822000008,7.04900698789999,1207.3280617873984
2020-05-04,5.448558095237489,0.9173759410125,7.053968336562495,1213.8196657419508
2020-05-05,5.533857422959732,0.9168070261861112,7.062210399541659,1223.6571657938732
2020-05-06,5.547087586024998,0.9234060594999988,7.075562265349993,1222.876075284189
2020-05-07,5.683497262726394,0.9260412893749985,7.094368668488892,1224.5344962008114
2020-05-08,5.790126744386118,0.9255325818388886,7.0832925193749965,1222.6122745683676
2020-05-09,5.817024808600007,0.9222539887000001,7.075440376299992,1219.5978972609007
2020-05-10,5.817024808600007,0.9222539887000001,7.075440376299992,1219.5978972609007
2020-05-11,5.807806392369006,0.9228468203394374,7.082153766905641,1221.4509537983358
2020-05-12,5.786327927100004,0.9229085575999993,7.090973677466675,1223.564092692265
2020-05-13,5.800817943101393,0.9204800293013887,7.086924922723607,1222.2806888623861
2020-05-14,5.874710077901387,0.9219958116708334,7.094390311958321,1226.6356608580018
2020-05-15,5.896998479469445,0.9264263765111116,7.104999399647215,1232.5252214616837
2020-05-16,5.850342656000006,0.9260974254000013,7.10863122799999,1234.1174291534994
2020-05-17,5.850342656000006,0.9260974254000013,7.10863122799999,1234.1174291534994
2020-05-18,5.829727452600003,0.925128465766668,7.110702453333329,1232.7708021042984
2020-05-19,5.7572324293,0.9198743673666679,7.112057942100004,1228.3287154133664
2020-05-20,5.703055163588897,0.9130012485222215,7.1042809744916635,1225.9976701781397
2020-05-21,5.705877336955556,0.9113170397444448,7.101984773338885,1229.286887860131
2020-05-22,5.648767412734725,0.9118699837875002,7.115201175341667,1234.8719851671406
2020-05-23,5.581162876000006,0.9170946441999993,7.1347212032,1241.2967718269012
2020-05-24,5.581162876000006,0.9170946441999993,7.1347212032,1241.2967718269012
2020-05-25,5.562204478422219,0.9169335291680559,7.13519529485278,1241.4066366877223
2020-05-26,5.472857790974997,0.914629973330557,7.1345320854055565,1238.1955273131398
2020-05-27,5.367800819366679,0.9106459045444458,7.142147396505545,1233.8122587171836
2020-05-28,5.328015532350005,0.9090610182249999,7.156826953762501,1237.0570400341744
2020-05-29,5.3282257981944365,0.9039664006388883,7.146385821238891,1237.1409795870202
2020-05-30,5.3568606321999965,0.8979885056999992,7.1350574713,1235.8207614942994
2020-05-31,5.3568606321999965,0.8979885056999992,7.1350574713,1235.8207614942994
2020-06-01,5.3477230336749955,0.8985943813874996,7.135519681712495,1232.683945707252
2020-06-02,5.329705234902784,0.8979179642777783,7.125693104283335,1225.1487237149913
2020-06-03,5.27275374466666,0.8943572696722237,7.108359623580563,1220.172490001046
2020-06-04,5.135986788366669,0.8916063941055552,7.113240946105557,1217.8353167150608
2020-06-05,5.0636090702139,0.8866224270833334,7.107850934388895,1212.5395556427359
2020-06-06,5.059929391000006,0.882612533100001,7.091703442200011,1205.2691968225993
2020-06-07,5.059929391000006,0.882612533100001,7.091703442200011,1205.2691968225993
2020-06-08,5.015152791527776,0.8838834638722229,7.085499647850005,1203.046439180046
2020-06-09,4.91126298566667,0.8858868448805555,7.0783768218819425,1198.812822400952
2020-06-10,4.860913990008341,0.8831490804444441,7.076289404941672,1194.8069203763325
2020-06-11,4.898092013858329,0.879876204161112,7.064095671488884,1191.9728986362707
2020-06-12,5.0111882975736135,0.8824035401319444,7.073302052476388,1199.735346456388
2020-06-13,5.076786978100002,0.8846426043999999,7.076256192500008,1203.512031139399
2020-06-14,5.076786978100002,0.8846426043999999,7.076256192500008,1203.512031139399
2020-06-15,5.106307278252775,0.8860904110055544,7.083023666488887,1207.2883783767954
2020-06-16,5.135795424275003,0.8870310761625005,7.088721747250002,1212.7602321611878
2020-06-17,5.136891023212505,0.8864073559472225,7.081322021326381,1211.4561326132362
2020-06-18,5.252611943662498,0.8906109019125013,7.0875361607750085,1212.2132898528373
2020-06-19,5.333845999300001,0.8914247231000001,7.084504329233336,1209.9741332615329
2020-06-20,5.354950936699995,0.8920606601000001,7.076895628899994,1207.430865298798
2020-06-21,5.354950936699995,0.8920606601000001,7.076895628899994,1207.430865298798
2020-06-22,5.328294438012506,0.891971159675001,7.076720697324998,1209.9082701214877
2020-06-23,5.259421918116669,0.8889491929249996,7.0719185979638866,1211.7248998249277
2020-06-24,5.201111680836107,0.8846231746499982,7.066525203197216,1205.6066586698287
2020-06-25,5.236422766763891,0.8885476472083325,7.071978937993053,1202.7471530943947
2020-06-26,5.373474644633328,0.8925120927000003,7.071966202066675,1202.4075207136675
2020-06-27,5.403995362499998,0.891821992300001,7.071970034800007,1200.5618478552008
2020-06-28,5.403995362499998,0.891821992300001,7.071970034800007,1200.5618478552008
2020-06-29,5.407882267569448,0.8898735795569453,7.0732282730986045,1199.9759675527685
2020-06-30,5.4300331451416675,0.8885737741902773,7.075175192523611,1199.9071625143042
